book	sheet	sheetRow	pp	planThousand	factThousand	reason	detail	otherSignals	fullySilent	subject
УО	ВСЕ	28	25	40482.95592	40482.96	year:foreign	P=2025	-	ДА	Капитальный ремонт учебных классов
УО	ВСЕ	155	155	26790.19	26790.19	year:foreign	P=2025	-	ДА	Теплоснабжение и ГВС
УО	ВСЕ	371	377	24052.35	24052.35	year:foreign	P=2025	-	ДА	Теплоснабжение и ГВС
УО	ВСЕ	56	54	19653.98	18376.18	year:foreign	P=2025	hygiene:G:edge_space|hygiene:G:invisible_char	нет	Поставка овощей переработанных, консервированных в муниципальные бюджетные дошкольные обра
УО	ВСЕ	30	27	19362.460000000003	12612.750800000002	year:foreign	P=2025	signal:highEconomy	нет	Капитальный ремонт полов и лестниц
УО	ВСЕ	51	49	16295.34	16295.34	year:foreign	P=2025	comment:foreign_text_in_ag|hygiene:G:edge_space|hygiene:G:invisible_char	нет	Поставка мяса говядины, свинины (замороженной) для детского питания в муниципальные бюджет
УО	ВСЕ	7	4	15799.9968	15799.9968	year:foreign	P=2025	signal:economyConflict	нет	Охрана лиценз.
УО	ВСЕ	8	5	15799.9968	15799.9968	year:foreign	P=2025	signal:economyConflict	нет	Охрана лиценз.
УО	ВСЕ	50	48	15794.67	9871.67	year:foreign	P=2025	comment:foreign_text_in_ag|hygiene:G:edge_space|hygiene:G:invisible_char|signal:highEconomy	нет	Поставка Филе рыбы мороженой, продуктов  рыбных, переработанных в МБДОУ 
УО	ВСЕ	29	26	14962.519960000001	9850.3748	year:foreign	P=2025	signal:highEconomy	нет	Капитальный ремонт кабинетов
УО	ВСЕ	49	47	14691.11	9255.4	year:foreign	P=2025	comment:foreign_text_in_ag|hygiene:G:invisible_char|signal:highEconomy	нет	Поставка Филе рыбы мороженой, продуктов  рыбных, переработанных в МБДОУ АЕМР
УО	ВСЕ	52	50	14092.099999999999	13880.72	year:foreign	P=2025	comment:foreign_text_in_ag|hygiene:G:edge_space|hygiene:G:invisible_char|signal:lowCompetition	нет	Поставка мяса говядины, свинины (замороженной) для детского питания в муниципальные бюджет
УО	ВСЕ	33	30	11807.69411	7700.000000000001	year:foreign	P=2025	signal:highEconomy	нет	Капитальный ремонт помещений спортзала, мастерской, мед.блока
УО	ВСЕ	55	53	11432.8	11432.8	year:foreign	P=2025	comment:foreign_text_in_ag|hygiene:G:edge_space|hygiene:G:invisible_char	нет	Поставка мяса говядины (замороженной) для детского питания в муниципальные бюджетные дошко
УО	ВСЕ	53	51	11382.192	11382.192	year:foreign	P=2025	comment:foreign_text_in_ag	нет	Поставка мяса говядины, свинины (замороженной) для детского питания в муниципальные бюджет
УО	ВСЕ	54	52	11208.75	11152.71	year:foreign	P=2025	comment:foreign_text_in_ag|hygiene:G:edge_space|hygiene:G:invisible_char|signal:lowCompetition	нет	Поставка мяса говядины (замороженной) для детского питания в муниципальные бюджетные дошко
УО	ВСЕ	884	939	9637.13908	9637.13908	year:foreign	P=2025	-	ДА	Теплоснабжение
УО	ВСЕ	402	411	8787.67	8787.67	year:foreign	P=2025	-	ДА	Услуги теплоснабжения
УО	ВСЕ	154	154	7978.66	7978.66	year:foreign	P=2025	-	ДА	Энергоснабжение
УД	ВСЕ	92	93	6738.8052	3355.67462	year:foreign	P=2025	rule:status_on_data_rows|signal:highEconomy	нет	охрана Ленина 10 административно дежурная / Оказание охранных услуг
УО	ВСЕ	57	55	5803.804	4033.6437800000003	year:foreign	P=2025	comment:foreign_text_in_ag|signal:highEconomy	нет	Поставка молока питьевого в муниципальные бюджетные
УО	ВСЕ	945	1001	5728.43	5728.43	year:foreign	P=2025	-	ДА	Теплоснабжение и ГВС
УО	ВСЕ	2621	2955	5018.6155	5018.6155	year:foreign	P=2025	-	ДА	Поставка продукции мукомольно-крупяного производства
УО	ВСЕ	370	376	4837.66	4837.66	year:foreign	P=2025	-	ДА	Энергоснабжение
УД	ВСЕ	138	155	4357.506	4357.506	year:foreign	P=2025	-	ДА	Эксплуатационно-техническое обслуживание ЕМР на 12 мес. (с 01.01.2026 по 31.12.2026 гг.) /
УО	ВСЕ	6	3	3950	2971.3	year:foreign	P=2025	signal:epFactDeviation|signal:epRisk	нет	Охрана лиценз.
УД	ВСЕ	30	27	3879.6	3879.6	year:foreign	P=2025	hygiene:G:double_space	нет	3.2.1.1.  Приобретение, сопровождение (поддержка) программных комплексов Приобретение, соп
УО	ВСЕ	34	31	3859.7514	3859.7514	year:foreign	P=2025	-	ДА	капитальный ремонт вентиляции
УО	ВСЕ	340	346	3630	3630	year:foreign	P=2025	signal:epRisk	нет	Масло сливочное
УО	ВСЕ	869	924	3490.11	3490.11	year:foreign	P=2025	-	ДА	Теплоснабжение и горячее водоснабжение при открытой и закрытой системах теплоснабжения
УО	ВСЕ	646	673	3458	3458	year:foreign	P=2025	-	ДА	Электричество
УЭР	ВСЕ	70	40	3202.1	3202.1	year:foreign	P=2025	-	ДА	Услуги теплоснабжения
УО	ВСЕ	211	212	2970	2970	year:foreign	P=2025	hygiene:G:edge_space|hygiene:G:invisible_char|signal:epRisk	нет	  "Масло сливочное"
УО	ВСЕ	119	119	2890	2890	year:foreign	P=2025	signal:epRisk	нет	Масло сливочное
УД	ВСЕ	84	85	2250	2250	year:foreign	P=2025	hygiene:G:edge_space	нет	ЭА357-25 Поставка ГСМ 1 полугодие / Поставка горюче-смазочных материалов 
УО	ВСЕ	832	884	2212.8	2212.8	year:foreign	P=2025	signal:epRisk	нет	Творог
УО	ВСЕ	883	938	2033.89	2033.89	year:foreign	P=2025	-	ДА	Электроснабжение
УО	ВСЕ	647	674	2000	2000	year:foreign	P=2025	-	ДА	Тепло
УО	ВСЕ	403	412	1911.24	1911.24	year:foreign	P=2025	-	ДА	Услуги электроснабжения
УО	ВСЕ	530	542	1808.8	1808.8	year:foreign	P=2025	signal:epRisk	нет	Масло сливочное
УО	ВСЕ	212	213	1787.5	1787.5	year:foreign	P=2025	hygiene:G:edge_space|hygiene:G:invisible_char|signal:epRisk	нет	  Творог
УО	ВСЕ	868	923	1700.8	1700.8	year:foreign	P=2025	-	ДА	электроснабжение
УО	ВСЕ	98	98	1666.8	1666.8	year:foreign	P=2025	signal:epRisk	нет	яйцо куриное
УО	ВСЕ	459	470	1647.44	1647.44	year:foreign	P=2025	comment:foreign_text_in_ag	нет	Энергоснабжение
УДТХ	УДТХ	7	10	1599.79974	1599.79974	year:foreign	P=2025	signal:factDateBeforePlan	нет	Содержание автомобильных дорог общего пользования местного значения
УО	ВСЕ	117	117	1573.75	1573.75	year:foreign	P=2025	signal:epRisk	нет	поставка сыра полутвердого
УДТХ	УДТХ	5	59	1540.36774	1540.36774	year:foreign	P=2025	-	ДА	Содержание мест (площадок) накопления твердых коммунальных отходов на территории Пионерско
УО	ВСЕ	436	446	1485	1485	year:foreign	P=2025	signal:epRisk	нет	масло сливочное
УО	ВСЕ	823	872	1462	1462	year:foreign	P=2025	signal:epRisk	нет	масло сливочное
УО	ВСЕ	944	1000	1426.32	1426.32	year:foreign	P=2025	-	ДА	Энергоснабжение
УО	ВСЕ	118	118	1357.62	1357.62	year:foreign	P=2025	signal:epRisk	нет	поставка творога
УО	ВСЕ	97	97	1320	1320	year:foreign	P=2025	signal:epRisk	нет	масло сливочное
УД	ВСЕ	94	95	1254	1254	year:foreign	P=2025	-	ДА	оказание услуг по проведению предрейсовых и послерейсовых медицинских осмотров водителей
УДТХ	УДТХ	4	4	1210.59135	1210.59135	year:foreign	P=2025	rule:row_numbering|rule:text_hygiene	нет	Содержание мест (площадок) накопления твердых коммунальных отходов на территории Паратунск
УО	ВСЕ	793	842	1204.5	1204.5	year:foreign	P=2025	signal:epRisk	нет	масло сливочное
УД	ВСЕ	157	176	1090.8	1090.8	year:foreign	P=2025	hygiene:G:edge_space	нет	3.3.1.1. Оказание комплексных услуг по передаче данных, организации доступа в сеть Интерне
УО	ВСЕ	339	344	1072.5	1072.5	year:foreign	P=2025	signal:epRisk	нет	поставка творога
УО	ВСЕ	418	427	1072.5	1072.5	year:foreign	P=2025	signal:epRisk	нет	Масло сливочное
УО	ВСЕ	702	739	907	907	year:foreign	P=2025	signal:epRisk	нет	поставка масла сливочного
УО	ВСЕ	794	843	893.75	893.75	year:foreign	P=2025	signal:epRisk	нет	творог
УО	ВСЕ	337	341	869.55	869.55	year:foreign	P=2025	signal:epRisk	нет	масло сливочное
УЭР	ВСЕ	71	41	833.15	833.15	year:foreign	P=2025	-	ДА	Услуги электроснабжения
УО	ВСЕ	529	540	799.47	799.47	year:foreign	P=2025	signal:epRisk	нет	Сыр полутвердый
УО	ВСЕ	703	740	786.5	786.5	year:foreign	P=2025	signal:epRisk	нет	поставка творога
УД	ВСЕ	5	2	780	780	year:foreign	P=2025	-	ДА	1.1.1.2. Изготовление и печатание газеты «Елизовские вести» / оказание услуг по печатанию 
УД	ВСЕ	103	104	770	770	year:foreign	P=2025	-	ДА	абонентская плата муждугородных тел соединений / Оказание услуг связи юридическому лицу, ф
УО	ВСЕ	369	375	762.05	762.05	year:foreign	P=2025	signal:epRisk|signal:unmappedReasonEP	нет	Холодное водоснабжение и водоотведение
УО	ВСЕ	438	449	715	715	year:foreign	P=2025	signal:epRisk	нет	творог
УО	ВСЕ	824	874	704.74	704.74	year:foreign	P=2025	signal:epRisk	нет	поставка печени
УО	ВСЕ	396	405	663	663	year:foreign	P=2025	signal:epRisk	нет	Масло сливочное
УО	ВСЕ	595	622	660	660	year:foreign	P=2025	signal:epRisk	нет	Масло сливочное
УО	ВСЕ	657	684	650	650	year:foreign	P=2025	signal:epRisk	нет	Продукты питания
УО	ВСЕ	24	21	643.2	643.2	year:foreign	P=2025	hygiene:G:space_before_punct|signal:economyConflict|signal:epRisk|signal:methodReasonMismatch	нет	Оснащения нового корпуса, кух , навигация, хоз группа
УДТХ	УДТХ	6	60	642.09499	642.09499	year:foreign	P=2025	-	ДА	Содержание мест (площадок) накопления твердых коммунальных отходов на территории Раздольне
УО	ВСЕ	864	917	602.25	602.25	year:foreign	P=2025	signal:epRisk	нет	масло сливочное
УО	ВСЕ	360	366	600	600	year:foreign	P=2025	-	ДА	ГСМ
УО	ВСЕ	830	881	600	600	year:foreign	P=2025	-	ДА	Хлеб, батон, хлебобулочные изделия
УО	ВСЕ	833	886	600	600	year:foreign	P=2025	-	ДА	Хлеб и хдебобулочные изделия
УО	ВСЕ	835	888	600	600	year:foreign	P=2025	-	ДА	полуфабрикаты
УО	ВСЕ	837	890	600	600	year:foreign	P=2025	-	ДА	сок фруктовый
УО	ВСЕ	961	1019	600	600	year:foreign	P=2025	-	ДА	Хлеб
УО	ВСЕ	102	102	598.5	598.5	year:foreign	P=2025	-	ДА	Картофель в вакууме
УО	ВСЕ	128	128	598	598	year:foreign	P=2025	-	ДА	Хлеб
УО	ВСЕ	129	129	597.5	597.5	year:foreign	P=2025	-	ДА	Хлебобулочные изделия
УКСиМП	ВСЕ	80	77	596.84	596.84	year:foreign	P=2025	-	ДА	возмещение затрат на теплоэнергию (Б-ф 17 п.Сокоч)
УО	ВСЕ	445	456	596.28	596.28	year:foreign	P=2025	hygiene:G:missing_space_after_punct	нет	поставка хлеба,хлебобулочных
УО	ВСЕ	700	737	596.28	596.28	year:foreign	P=2025	hygiene:G:missing_space_after_punct	нет	поставка хлеба,хлебобулочных
УО	ВСЕ	754	794	596.28	596.28	year:foreign	P=2025	hygiene:G:missing_space_after_punct	нет	поставка хлеба,хлебобулочных
УО	ВСЕ	126	126	595.99	595.99	year:foreign	P=2025	-	ДА	Картофель
УО	ВСЕ	131	131	595	595	year:foreign	P=2025	-	ДА	Овощи и фрукты консервированные и переработанные
УО	ВСЕ	135	135	595	595	year:foreign	P=2025	-	ДА	Продукты питания (сок, молоко сгущ.)
УО	ВСЕ	103	103	594.21	594.21	year:foreign	P=2025	-	ДА	биточки куриные нежные, шницель рыбный, фрикадельки домашние
УО	ВСЕ	121	121	590	590	year:foreign	P=2025	-	ДА	Куры-цыплята бройлеры
УО	ВСЕ	838	891	589	589	year:foreign	P=2025	-	ДА	программа энергосбережения
УО	ВСЕ	299	300	588.45	588.45	year:foreign	P=2025	-	ДА	Овощи свежие, капуста квашенная
УО	ВСЕ	426	435	588.1	588.1	year:foreign	P=2025	-	ДА	продукты питания
УО	ВСЕ	107	107	585.4	585.4	year:foreign	P=2025	-	ДА	пельмени мясные, пельмени рыбные
УО	ВСЕ	99	99	585	585	year:foreign	P=2025	-	ДА	творог
УО	ВСЕ	109	109	576.6	576.6	year:foreign	P=2025	-	ДА	Хлеб ржаной, хлеб белый
УО	ВСЕ	879	934	575.37	575.37	year:foreign	P=2025	hygiene:G:edge_space|hygiene:G:invisible_char|signal:unmappedReasonEP	нет	Поставка «Овощей свежих корнеплодных и клубнеплодных» 
УО	ВСЕ	110	110	572.8	572.8	year:foreign	P=2025	-	ДА	булочки и т.д.
УО	ВСЕ	101	101	560.74	560.74	year:foreign	P=2025	-	ДА	Овощей, очищенных в вакууме
УО	ВСЕ	105	105	555.19	555.19	year:foreign	P=2025	-	ДА	фарш домашний, вареники с творогом
УО	ВСЕ	437	448	555	555	year:foreign	P=2025	-	ДА	сыр
УО	ВСЕ	690	726	555	555	year:foreign	P=2025	-	ДА	масло сливочное
УО	ВСЕ	744	783	555	555	year:foreign	P=2025	-	ДА	масло сливочное
УО	ВСЕ	368	374	543	543	year:foreign	P=2025	-	ДА	Обращение с твердыми коммунальными отходами
УО	ВСЕ	487	498	542.37	542.37	year:foreign	P=2025	-	ДА	Хлебобулочные и кондитерские изделия
УО	ВСЕ	108	108	540.4	540.4	year:foreign	P=2025	-	ДА	Варенец с лактулозой, снежок, тесто для сырников
УО	ВСЕ	430	439	539.55	539.55	year:foreign	P=2025	-	ДА	хлебобулочные изделия
УО	ВСЕ	153	153	530.59	530.59	year:foreign	P=2025	-	ДА	Холодное водоснабжение и водоотведение
УО	ВСЕ	927	983	528	528	year:foreign	P=2025	-	ДА	Масло сливочное
УД	ВСЕ	93	94	525.6	525.6	year:foreign	P=2025	hygiene:G:edge_space	нет	охрана склады / Оказание услуг по централизованной охране складов МКУ «ЕДДС ЕМР» с помощью
УО	ВСЕ	338	342	521.95	521.95	year:foreign	P=2025	-	ДА	творог
УО	ВСЕ	886	941	521.73	521.73	year:foreign	P=2025	signal:unmappedReasonEP	нет	Поставка "Продуктов питания прочих"
УО	ВСЕ	826	877	515.75	515.75	year:foreign	P=2025	-	ДА	продукты питания
УО	ВСЕ	955	1013	515.75	515.75	year:foreign	P=2025	-	ДА	продукты питания
УО	ВСЕ	132	132	514.19	514.19	year:foreign	P=2025	-	ДА	Сахар
УО	ВСЕ	749	789	513.8	513.8	year:foreign	P=2025	-	ДА	овощи корнеплодные
УО	ВСЕ	931	987	513.77	513.77	year:foreign	P=2025	-	ДА	Сухофрукты, прочие продукты
УО	ВСЕ	692	729	512.36	512.36	year:foreign	P=2025	-	ДА	творог
УО	ВСЕ	746	786	512.36	512.36	year:foreign	P=2025	-	ДА	творог
УО	ВСЕ	865	918	502.65	502.65	year:foreign	P=2025	-	ДА	творог
УО	ВСЕ	69	67	500	500	year:foreign	P=2025	hygiene:G:edge_space|hygiene:G:invisible_char	нет	 Бензин автомобильный
УО	ВСЕ	70	68	500	500	year:foreign	P=2025	-	ДА	Топливо дизельное
УО	ВСЕ	414	423	500	500	year:foreign	P=2025	-	ДА	бензин
УО	ВСЕ	956	1014	500	500	year:foreign	P=2025	-	ДА	продукты питания
УО	ВСЕ	933	989	498.3	498.3	year:foreign	P=2025	-	ДА	Овощи очищенные
УО	ВСЕ	521	532	491.13	491.13	year:foreign	P=2025	-	ДА	Поставка продуктов питания
УО	ВСЕ	936	992	490.96	490.96	year:foreign	P=2025	-	ДА	Продукты питания (крупы и прочие продукты)
УО	ВСЕ	422	431	487.11	487.11	year:foreign	P=2025	-	ДА	полуфабрикаты
УО	ВСЕ	397	406	486.2	486.2	year:foreign	P=2025	-	ДА	Творог
УО	ВСЕ	691	728	485.63	485.63	year:foreign	P=2025	-	ДА	сыр
УО	ВСЕ	745	785	485.63	485.63	year:foreign	P=2025	-	ДА	сыр
УО	ВСЕ	891	946	478.39	478.39	year:foreign	P=2025	-	ДА	Подача ХВС и водоотведение
УД	ВСЕ	137	154	477.60048	477.60048	year:foreign	P=2025	hygiene:G:edge_space	нет	Основной канал связи Интернет ЕМР на 6 мес. (с 01.01.2026 по 30.06.2026 гг.) / оказание ко
УО	ВСЕ	831	883	475.9	475.9	year:foreign	P=2025	-	ДА	филе куриное охлажденное
УО	ВСЕ	993	1051	471.7	471.7	year:foreign	P=2025	-	ДА	Продукты питания
УО	ВСЕ	609	636	471.5	471.5	year:foreign	P=2025	-	ДА	Овощи, фрукты консервированные, кондитерские изделия и прочее
УО	ВСЕ	106	106	471.2	471.2	year:foreign	P=2025	-	ДА	Котлеты Деревенские, котлеты Камчатские, фарш из печени
УО	ВСЕ	134	134	470	470	year:foreign	P=2025	-	ДА	Продукты рыбные (кальмар-филе, морская капуста)
УО	ВСЕ	133	133	469.3	469.3	year:foreign	P=2025	-	ДА	Продукты питания (масло растительное, макароны)
УО	ВСЕ	104	104	460.73	460.73	year:foreign	P=2025	-	ДА	фарш говяжий
УО	ВСЕ	962	1020	460	460	year:foreign	P=2025	-	ДА	овощи свежие
УО	ВСЕ	427	436	458.40000000000003	458.40000000000003	year:foreign	P=2025	hygiene:G:missing_space_after_punct	нет	овощи корнеплодные,клубнеплодные
УО	ВСЕ	122	122	454.96	454.96	year:foreign	P=2025	-	ДА	Куры-филе
УО	ВСЕ	475	486	454.71	454.71	year:foreign	P=2025	-	ДА	овощи свежие
УО	ВСЕ	125	125	453	453	year:foreign	P=2025	-	ДА	Приправы, специи и проч.
УО	ВСЕ	120	120	450	450	year:foreign	P=2025	-	ДА	Яйцо
УО	ВСЕ	653	680	450	450	year:foreign	P=2025	-	ДА	Продукты питания
УО	ВСЕ	858	911	444.38	444.38	year:foreign	P=2025	hygiene:G:edge_space|hygiene:G:invisible_char	нет	виноград сушеный (изюм) горошек консервированный джем Какао-порошок компот крахмал картофе
УО	ВСЕ	23	20	441	441	year:foreign	P=2025	hygiene:G:space_before_punct|signal:economyConflict|signal:methodReasonMismatch	нет	Оснащения нового корпуса, кух , навигация, хоз группа
УО	ВСЕ	127	127	440	440	year:foreign	P=2025	-	ДА	Корнеплоды и клубнеплоды
УО	ВСЕ	130	130	440	440	year:foreign	P=2025	-	ДА	Свежие помидоры и огурцы
УО	ВСЕ	294	295	433	433	year:foreign	P=2025	-	ДА	хлеб и хлебобулочная продукция
УО	ВСЕ	857	910	431.13	431.13	year:foreign	P=2025	hygiene:G:edge_space|hygiene:G:invisible_char	нет	Капуста белокочанная Капуста квашенная Картофель Лук репчатый Морковь Перец сладкий Чеснок
УО	ВСЕ	596	623	429	429	year:foreign	P=2025	-	ДА	Творог
УО	ВСЕ	926	981	429	429	year:foreign	P=2025	-	ДА	поставка творога
УО	ВСЕ	440	451	427.23	427.23	year:foreign	P=2025	-	ДА	бакалея
УО	ВСЕ	695	732	427.23	427.23	year:foreign	P=2025	-	ДА	бакалея
УО	ВСЕ	748	788	427.23	427.23	year:foreign	P=2025	-	ДА	бакалея
УО	ВСЕ	520	531	415.38	415.38	year:foreign	P=2025	-	ДА	Поставка продуктов питания
УО	ВСЕ	511	522	413.9	413.9	year:foreign	P=2025	-	ДА	Поставка продуктов питания
УО	ВСЕ	100	100	410.4	410.4	year:foreign	P=2025	-	ДА	мясо кур
УО	ВСЕ	480	491	404.11	404.11	year:foreign	P=2025	-	ДА	продукты питания
УО	ВСЕ	574	586	401.9	401.9	year:foreign	P=2025	-	ДА	Оказание услуг связи
УО	ВСЕ	137	137	400.18	400.18	year:foreign	P=2025	-	ДА	Пельмени рыбные
УО	ВСЕ	310	313	400	400	year:foreign	P=2025	-	ДА	нефтепродукты АИ-92
УО	ВСЕ	429	438	393.65000000000003	393.65000000000003	year:foreign	P=2025	-	ДА	хлеб
УО	ВСЕ	885	940	392.7	392.7	year:foreign	P=2025	signal:unmappedReasonEP	нет	Поставка "Сок. Компот. Сахар"
УО	ВСЕ	736	774	372.3	372.3	year:foreign	P=2025	-	ДА	Охрана (кнопка)
УО	ВСЕ	123	123	368.97	368.97	year:foreign	P=2025	-	ДА	Кондитерские продукты
УО	ВСЕ	934	990	365.96	365.96	year:foreign	P=2025	-	ДА	Хлеб
УО	ВСЕ	482	493	357.86	357.86	year:foreign	P=2025	-	ДА	продукты питания
УО	ВСЕ	659	686	350	350	year:foreign	P=2025	-	ДА	Продукты питания
УД	ВСЕ	141	158	348.60048	348.60048	year:foreign	P=2025	-	ДА	Эксплуатационно-техническое обслуживание ЕГП на 3 мес. (с 01.01.2026 по 31.03.2026 гг.) / 
УО	ВСЕ	486	497	346.45	346.45	year:foreign	P=2025	-	ДА	Поставка продуктов питания Хлеба недлительного хранения"
УО	ВСЕ	694	731	345.8	345.8	year:foreign	P=2025	-	ДА	фрукты
УО	ВСЕ	782	824	345	345	year:foreign	P=2025	-	ДА	Малые формы
УО	ВСЕ	827	878	345	345	year:foreign	P=2025	-	ДА	яйцо
УО	ВСЕ	509	520	342	342	year:foreign	P=2025	-	ДА	Поставка продуктов питания
УО	ВСЕ	139	139	339.2	339.2	year:foreign	P=2025	-	ДА	Рис
УО	ВСЕ	512	523	338.4	338.4	year:foreign	P=2025	-	ДА	Поставка продуктов питания "Сыр полутвердый"
УО	ВСЕ	405	414	333.88	333.88	year:foreign	P=2025	-	ДА	Услуги по ТКО
УО	ВСЕ	419	428	328.9	328.9	year:foreign	P=2025	-	ДА	Творог
УО	ВСЕ	138	138	325.24	325.24	year:foreign	P=2025	-	ДА	Вареники
УО	ВСЕ	515	526	323.15	323.15	year:foreign	P=2025	-	ДА	Поставка продуктов питания
УО	ВСЕ	665	699	321.75	321.75	year:foreign	P=2025	signal:methodReasonMismatch	нет	Творог
УО	ВСЕ	645	672	312.9	312.9	year:foreign	P=2025	-	ДА	ХВС и водоотведение
УО	ВСЕ	420	429	302.5	302.5	year:foreign	P=2025	-	ДА	Сыры полутвердые
УО	ВСЕ	152	152	301.63	301.63	year:foreign	P=2025	-	ДА	Обращение с твердыми коммунальными отходами
УО	ВСЕ	136	136	300.52	300.52	year:foreign	P=2025	-	ДА	Пельмени мясные
УО	ВСЕ	860	913	300.32	300.32	year:foreign	P=2025	hygiene:G:edge_space|hygiene:G:invisible_char	нет	Хлеб из пшеничной муки Хлеб из ржано-пшеничной муки Батон Булочка ванильная Булочка особая
УО	ВСЕ	446	457	300	300	year:foreign	P=2025	-	ДА	расчистка снега
УО	ВСЕ	473	484	300	300	year:foreign	P=2025	-	ДА	ГСМ
УО	ВСЕ	597	624	300	300	year:foreign	P=2025	-	ДА	Поставка хлеба
УД	ВСЕ	4	1	298.6667	298.6667	year:foreign	P=2025	rule:row_numbering|rule:text_hygiene|signal:economyConflict	нет	1.1.1.1. Изготовление и печатание информационного бюллетеня «Елизовский вестник» / оказани
УО	ВСЕ	825	876	289.57	289.57	year:foreign	P=2025	-	ДА	Сыры полутвердые
УД	ВСЕ	90	91	288	48.96	year:foreign	P=2025	signal:highEconomy	нет	ЭА388-25 Обслуживание автоматической пожарной сигнализации с системой пожаротушения и сред
УО	ВСЕ	987	1045	288	288	year:foreign	P=2025	-	ДА	Печень
УО	ВСЕ	982	1040	287.11	287.11	year:foreign	P=2025	-	ДА	Хлеба
УО	ВСЕ	479	490	286.68	286.68	year:foreign	P=2025	-	ДА	хлеб
УО	ВСЕ	887	942	285.79	285.79	year:foreign	P=2025	signal:unmappedReasonEP	нет	Поставка «Хлеба не длительного хранения»
УО	ВСЕ	398	407	283.28	283.28	year:foreign	P=2025	-	ДА	Сыр
УО	ВСЕ	481	492	281.61	281.61	year:foreign	P=2025	-	ДА	пельмени, вареники
УО	ВСЕ	588	615	280	280	year:foreign	P=2025	-	ДА	Работы по разработке проектно-сметной документации на монтаж системы видеонаблюдения
УО	ВСЕ	952	1008	268.6	268.6	year:foreign	P=2025	-	ДА	масло сливочное
УЭР	ВСЕ	66	43	254.99	238.54	year:foreign	P=2025	signal:epFactDeviation	нет	Услуги по ТКО
УО	ВСЕ	336	340	253.08	253.08	year:foreign	P=2025	-	ДА	сыры полутвердые
УО	ВСЕ	124	124	250	250	year:foreign	P=2025	-	ДА	Сухофрукты
УО	ВСЕ	650	677	250	250	year:foreign	P=2025	-	ДА	Продукты питания
УО	ВСЕ	953	1011	250	250	year:foreign	P=2025	-	ДА	поставка печени
УО	ВСЕ	431	440	246.65999999999997	246.65999999999997	year:foreign	P=2025	-	ДА	овощи консервированные
УО	ВСЕ	598	625	246	246	year:foreign	P=2025	-	ДА	Поставка мяса кур - цыплят-бройлеров, охлажденных
УО	ВСЕ	599	626	245	245	year:foreign	P=2025	-	ДА	Печень говяжья
УЭР	ВСЕ	63	38	243.28	243.28	year:foreign	P=2025	-	ДА	Услуги связи (Ростелеком)
УО	ВСЕ	875	930	238.14	238.14	year:foreign	P=2025	signal:unmappedReasonEP	нет	Поставка "Вода питьевая"
УО	ВСЕ	924	979	236.27	236.27	year:foreign	P=2025	-	ДА	поставка мяса охлажденного
УО	ВСЕ	960	1018	235.62	235.62	year:foreign	P=2025	-	ДА	Творог
УО	ВСЕ	984	1042	229.57	229.57	year:foreign	P=2025	-	ДА	Кондитерские изделия, соки
УО	ВСЕ	111	111	227.65	227.65	year:foreign	P=2025	-	ДА	твердые коммунальные отходы
УО	ВСЕ	928	984	224.64	224.64	year:foreign	P=2025	-	ДА	Яйцо
УО	ВСЕ	704	741	220	220	year:foreign	P=2025	-	ДА	поставка сыра полутвердого
УО	ВСЕ	441	452	216	216	year:foreign	P=2025	-	ДА	куры охлажденные
УО	ВСЕ	696	733	216	216	year:foreign	P=2025	-	ДА	куры охлажденные
УО	ВСЕ	750	790	216	216	year:foreign	P=2025	-	ДА	куры охлажденные
УО	ВСЕ	428	437	209	209	year:foreign	P=2025	hygiene:G:missing_space_after_punct	нет	кальмар,морская капуста
УО	ВСЕ	829	880	208	208	year:foreign	P=2025	-	ДА	продукты питания
УО	ВСЕ	297	298	205.2	205.2	year:foreign	P=2025	-	ДА	вода питьевая негазированная
УФБП	УФБП	35	44	204.40372	204.40372	year:foreign	P=2025	-	ДА	Оказание услуг связи
УО	ВСЕ	852	905	203.71	203.71	year:foreign	P=2025	-	ДА	яйцо куриное
УО	ВСЕ	448	459	200	200	year:foreign	P=2025	-	ДА	расчистка территории от снега
УО	ВСЕ	660	687	200	200	year:foreign	P=2025	-	ДА	Продукты питания
УО	ВСЕ	674	709	200	200	year:foreign	P=2025	-	ДА	Поставка продуктов питания
УО	ВСЕ	675	710	200	200	year:foreign	P=2025	-	ДА	Поставка продуктов питания
УО	ВСЕ	701	738	200	200	year:foreign	P=2025	-	ДА	расчистка снега
УО	ВСЕ	710	748	200	200	year:foreign	P=2025	-	ДА	Поставка продуктов питания
УО	ВСЕ	711	749	200	200	year:foreign	P=2025	-	ДА	Поставка продуктов питания
УО	ВСЕ	755	795	200	200	year:foreign	P=2025	-	ДА	расчистка снега
УО	ВСЕ	828	879	200	200	year:foreign	P=2025	-	ДА	куры охлажденные
УО	ВСЕ	867	922	198.19	198.19	year:foreign	P=2025	-	ДА	холодное водоснабжение и водоотведение
УО	ВСЕ	881	936	195	195	year:foreign	P=2025	signal:unmappedReasonEP	нет	Поставка " Продукты мясные
УО	ВСЕ	855	908	192.5	192.5	year:foreign	P=2025	-	ДА	печень говяжья
УО	ВСЕ	424	433	190.59	190.59	year:foreign	P=2025	-	ДА	филе кур
УО	ВСЕ	602	629	186.09	186.09	year:foreign	P=2025	-	ДА	Соки, продукты кондитерские, консервированные и прочие
УО	ВСЕ	411	420	185	185	year:foreign	P=2025	-	ДА	вывоз и расчистка снега
УО	ВСЕ	519	530	183	183	year:foreign	P=2025	-	ДА	Кальмар. морская капуста
УО	ВСЕ	988	1046	180.48	180.48	year:foreign	P=2025	-	ДА	Сыр
УО	ВСЕ	632	659	180	180	year:foreign	P=2025	-	ДА	Обслуживание вентиляции
УО	ВСЕ	1031	1091	178.5	178.5	year:foreign	P=2025	-	ДА	Масло сливочное
УД	ВСЕ	194	173/5	177.999	164.641	year:foreign	P=2025	rule:status_on_data_rows	нет	Поставка индивидуальных рационов питания (ИРП) в рамках реализации муниципальной программы
УО	ВСЕ	68	66	175.96	175.96	year:foreign	P=2025	-	ДА	Услуги (работы) в области защиты информации и обеспечения безопасности критической информа
УД	ВСЕ	117	123	173.6	173.6	year:foreign	P=2025	-	ДА	сотовая связь: кол центр / предоставление услуг связи
УО	ВСЕ	983	1041	172.07	172.07	year:foreign	P=2025	-	ДА	Масло растительное, молоко сухое, молоко сгущенное
УО	ВСЕ	425	434	169.20000000000002	169.20000000000002	year:foreign	P=2025	-	ДА	куры
УО	ВСЕ	648	675	169.2	169.2	year:foreign	P=2025	-	ДА	Продукты питания
УО	ВСЕ	663	690	169.2	169.2	year:foreign	P=2025	-	ДА	Продукты питания
УД	ВСЕ	139	156	165	165	year:foreign	P=2025	-	ДА	Сим-карты ЕМР на 12 мес. (с 01.01.2026 по 31.12.2026 гг.) / оказание услуг подвижной связи
УО	ВСЕ	876	931	165	165	year:foreign	P=2025	signal:unmappedReasonEP	нет	Поставка "Мясо кур охлажденное"
УЭР	ВСЕ	65	37	164.69	164.69	year:foreign	P=2025	-	ДА	Содержание общедомового имущества
УКСиМП	ВСЕ	86	83	162.54	162.54	year:foreign	P=2025	-	ДА	Услуги телекоммуникационные (Интернет) (Центральная библ. - НОВА)
УО	ВСЕ	477	488	162	162	year:foreign	P=2025	-	ДА	куры охлажден.
УО	ВСЕ	604	631	161.86	161.86	year:foreign	P=2025	-	ДА	Продукты питания
УО	ВСЕ	606	633	157.92	157.92	year:foreign	P=2025	-	ДА	Сыр полутвердый
УО	ВСЕ	992	1050	157.4	157.4	year:foreign	P=2025	-	ДА	Яйца куриные
УО	ВСЕ	478	489	155.98	155.98	year:foreign	P=2025	-	ДА	филе, бедро куриное охлажденное
УО	ВСЕ	863	916	155.52	155.52	year:foreign	P=2025	-	ДА	томаты, огурцы
УКСиМП	ВСЕ	409	402	155	155	year:foreign	P=2025	-	ДА	Услуги связи
УО	ВСЕ	304	306	153.43	153.43	year:foreign	P=2025	-	ДА	овощи свежие-огурец, томат
УО	ВСЕ	643	670	153	153	year:foreign	P=2025	-	ДА	Вывоз ТБО
УО	ВСЕ	66	64	150	150	year:foreign	P=2025	hygiene:G:invisible_char	нет	Услуги местной телефонной связи   - Услуги внутризоновой телефонной связи (Интерком сервис
УО	ВСЕ	651	678	150	150	year:foreign	P=2025	-	ДА	Продукты питания
УО	ВСЕ	888	943	150	150	year:foreign	P=2025	signal:unmappedReasonEP	нет	Аварийные работы
УО	ВСЕ	116	116	148.92	148.92	year:foreign	P=2025	-	ДА	экстренный выезд наряда вневедомственной охраны по сигналу о срабатывании средств тревожно
УО	ВСЕ	203	203	148.92	148.92	year:foreign	P=2025	-	ДА	Оказание услуг по экстренному выезду наряда вневедомственной охраны по сигналу о срабатыва
УО	ВСЕ	613	640	148.92	148.92	year:foreign	P=2025	-	ДА	Экстренный выезд наряда вневедомственной охраны по сигналу о срабатывании средств тревожно
УО	ВСЕ	631	658	148.9	148.9	year:foreign	P=2025	-	ДА	Охрана здания
УФБП	УФБП	31	40	148.05151	148.05151	year:foreign	P=2025	-	ДА	Теплоснабжение
УО	ВСЕ	986	1044	145.8	145.8	year:foreign	P=2025	-	ДА	Цыпленок -бройлер, тушка, охлажденная
УО	ВСЕ	898	953	144.63	144.63	year:foreign	P=2025	signal:unmappedReasonEP	нет	Обслуживание кнопки экстренного вызова наряда полиции
УО	ВСЕ	1015	1074	144.5	144.5	year:foreign	P=2025	-	ДА	Масло сливочное
УД	ВСЕ	91	92	144	57.6	year:foreign	P=2025	rule:status_on_data_rows|signal:highEconomy	нет	Обслуживание автоматической пожарной сигнализации и средств оповещения при пожаре / Оказан
УО	ВСЕ	870	925	143.22	143.22	year:foreign	P=2025	-	ДА	Оказание услуг по обращению с твердыми коммунальными отходами
УО	ВСЕ	896	951	141.59	141.59	year:foreign	P=2025	hygiene:G:invisible_char|signal:unmappedReasonEP	нет	Поставка «Овощи  свежие»
УО	ВСЕ	929	985	140.4	140.4	year:foreign	P=2025	-	ДА	Куры-цыплята бройлеры
УО	ВСЕ	510	521	139.36	139.36	year:foreign	P=2025	-	ДА	Поставка товара
УО	ВСЕ	854	907	138.6	138.6	year:foreign	P=2025	-	ДА	мясо птицы
УО	ВСЕ	890	945	137.71	137.71	year:foreign	P=2025	-	ДА	Вывоз ТБО
УО	ВСЕ	298	299	135.6	135.6	year:foreign	P=2025	-	ДА	яйца куриные столовые
УО	ВСЕ	1032	1092	134.27	134.27	year:foreign	P=2025	-	ДА	Продукция молочная-творог
УО	ВСЕ	311	314	134.24	134.24	year:foreign	P=2025	-	ДА	аварийно-ремонтные работы
УО	ВСЕ	2021	2325	134.23599	134.23599	year:foreign	P=2025	-	ДА	аварийные работы
УО	ВСЕ	627	654	132.3	132.3	year:foreign	P=2025	-	ДА	Обслуживание лифта
УО	ВСЕ	439	450	132	132	year:foreign	P=2025	-	ДА	поставка яиц столовых
УО	ВСЕ	693	730	132	132	year:foreign	P=2025	-	ДА	поставка яиц столовых
УО	ВСЕ	747	787	132	132	year:foreign	P=2025	-	ДА	поставка яиц столовых
УЭР	ВСЕ	69	30	130	130	year:foreign	P=2025	-	ДА	Услуги предоставления платной статистической информации
УД	ВСЕ	98	99	129.9144	129.9144	year:foreign	P=2025	hygiene:G:edge_space	нет	Приобритение воды бутилированной 1 полугодие / Поставка воды минеральной природной питьево
УО	ВСЕ	654	681	129.7	129.7	year:foreign	P=2025	-	ДА	Продукты питания
УО	ВСЕ	605	632	129.6	129.6	year:foreign	P=2025	-	ДА	Яйцо куриное столовое
УО	ВСЕ	935	991	129.33	129.33	year:foreign	P=2025	hygiene:G:edge_space|hygiene:G:invisible_char	нет	Свежие помидоры и огурцы 
УО	ВСЕ	808	857	125	125	year:foreign	P=2025	hygiene:G:invisible_char	нет	Выполнение  аварийно-ремонтных работ
УО	ВСЕ	603	630	124.42	124.42	year:foreign	P=2025	-	ДА	Продукты питания
УО	ВСЕ	516	527	121	121	year:foreign	P=2025	-	ДА	Поставка продуктов питания
УО	ВСЕ	363	369	120.7	120.7	year:foreign	P=2025	-	ДА	услуги экстренного выезда полиции
УО	ВСЕ	897	952	120.59	120.59	year:foreign	P=2025	signal:unmappedReasonEP	нет	Экстренный выезд наряда полиции
УО	ВСЕ	506	517	119.35	119.35	year:foreign	P=2025	-	ДА	оказание услуг по обращению с ТКО
УО	ВСЕ	862	915	118.37	118.37	year:foreign	P=2025	hygiene:G:edge_space|hygiene:G:invisible_char	нет	ванилин кофейный напиток крупа рисовая лимонная кислота макароны молоко сгущенное сахар со
УО	ВСЕ	600	627	118	118	year:foreign	P=2025	-	ДА	Кальмар
УО	ВСЕ	925	980	116.55	116.55	year:foreign	P=2025	-	ДА	поставка сыра полутвердого
УО	ВСЕ	980	1038	115.05	115.05	year:foreign	P=2025	-	ДА	Овощи свежие
УО	ВСЕ	859	912	114.78	114.78	year:foreign	P=2025	-	ДА	сыр
УО	ВСЕ	979	1037	114.72	114.72	year:foreign	P=2025	-	ДА	Овощи свежие
УО	ВСЕ	880	935	112.54	112.54	year:foreign	P=2025	signal:unmappedReasonEP	нет	Поставка "Масло растительное, рис"
УЭР	ВСЕ	68	2	110.5	99.6	year:foreign	P=2025	signal:factDateBeforePlan	нет	Оказание услуг по профилактическому техническому обслуживанию и планово-предупредительному
УО	ВСЕ	661	688	110	110	year:foreign	P=2025	-	ДА	Продукты питания
УО	ВСЕ	2067	2374	110	110	year:foreign	P=2025	-	ДА	Техническое обслуживание СПС и СОУЭ
УО	ВСЕ	994	1052	109.76	109.76	year:foreign	P=2025	-	ДА	Продукты питания
УО	ВСЕ	1016	1075	108.83	108.83	year:foreign	P=2025	-	ДА	Продукция молочная-творог
УО	ВСЕ	866	921	108	108	year:foreign	P=2025	hygiene:G:edge_space|hygiene:G:invisible_char	нет	местная телефонная связь услуги Интернет-провайдера внутризоновая телефонная связь междуго
УО	ВСЕ	458	469	107.41	107.41	year:foreign	P=2025	-	ДА	Оказание услуг по обращению с твердыми коммунальными отходами
УО	ВСЕ	900	955	107.1	107.1	year:foreign	P=2025	-	ДА	Заправка картриджей
УО	ВСЕ	889	944	105	105	year:foreign	P=2025	signal:unmappedReasonEP	нет	Связь, интернет
УО	ВСЕ	989	1047	103.1	103.1	year:foreign	P=2025	-	ДА	Сухофрукты
УО	ВСЕ	628	655	102	102	year:foreign	P=2025	-	ДА	ТО видеонаблюдения
УО	ВСЕ	878	933	101.75	101.75	year:foreign	P=2025	hygiene:G:edge_space|hygiene:G:invisible_char|signal:unmappedReasonEP	нет	Поставка«Капусты квашеной» 
УО	ВСЕ	518	529	100.15	100.15	year:foreign	P=2025	-	ДА	Поставка продуктов питания, сухофрукты
УО	ВСЕ	112	112	100	100	year:foreign	P=2025	-	ДА	аварийно ремонтные работы инженерных сетей в границах балансовой принадлежности учреждения
УО	ВСЕ	374	380	100	100	year:foreign	P=2025	-	ДА	Снегоочистка
УО	ВСЕ	587	614	100	100	year:foreign	P=2025	-	ДА	Услуг по очистке кровли от снега, наледи и сосулек
УО	ВСЕ	730	768	100	100	year:foreign	P=2025	hygiene:G:invisible_char	нет	Выполнение  аварийно-ремонтных работ
УО	ВСЕ	895	950	100	100	year:foreign	P=2025	-	ДА	Расчистка территории
УО	ВСЕ	523	534	96	96	year:foreign	P=2025	-	ДА	Централизованная охрана объектов
УО	ВСЕ	990	1048	95.15	95.15	year:foreign	P=2025	-	ДА	Кальмар, сайра
УО	ВСЕ	474	485	91.96	91.96	year:foreign	P=2025	-	ДА	предрейсовый осмотр
УО	ВСЕ	656	683	88.9	88.9	year:foreign	P=2025	-	ДА	Продукты питания
УО	ВСЕ	937	993	88.5	88.5	year:foreign	P=2025	-	ДА	Продукты рыбные (кальмар-филе)
УАГЗО	ВСЕ	5	2	88	88	year:foreign	P=2025	-	ДА	Проведение кадастровых работ в отношении 4 земельных участков, расположенных в Камчатском 
УО	ВСЕ	619	646	88	88	year:foreign	P=2025	-	ДА	Техническое обслуживание системы охранного телевидения (системы видеонаблюдения)
УО	ВСЕ	932	988	87.78	87.78	year:foreign	P=2025	-	ДА	Овощи свежие
УО	ВСЕ	303	305	86.85	86.85	year:foreign	P=2025	-	ДА	печень говяжья
УО	ВСЕ	514	525	86.4	86.4	year:foreign	P=2025	-	ДА	Поставка Вода питьевая
УО	ВСЕ	874	929	86	86	year:foreign	P=2025	-	ДА	Поставка " Продукты рыбные"
УО	ВСЕ	1325	1439	84	84	year:foreign	P=2025	-	ДА	бак обследование (лабораторные исследования)
УО	ВСЕ	1466	1623	84	84	year:foreign	P=2025	-	ДА	бак обследование (лабораторные исследования)
УО	ВСЕ	1519	1705	84	84	year:foreign	P=2025	-	ДА	бак обследование (лабораторные исследования)
УО	ВСЕ	873	928	82.8	82.8	year:foreign	P=2025	-	ДА	Поставка "Огурцы свежие"
УО	ВСЕ	517	528	82.1	82.1	year:foreign	P=2025	-	ДА	Поставка продуктов питания, Овощи, фрукты свежие
УО	ВСЕ	513	524	81	81	year:foreign	P=2025	-	ДА	Поставка продуктов питания "Печень говяжья"
УО	ВСЕ	853	906	81	81	year:foreign	P=2025	-	ДА	вода питьевая
УО	ВСЕ	423	432	80.60000000000001	80.60000000000001	year:foreign	P=2025	-	ДА	яйцо свежее
УД	ВСЕ	140	157	79.60008	79.60008	year:foreign	P=2025	-	ДА	Основной канал связи Интернет ЕГП на 3 мес. (с 01.01.2026 по 31.03.2026 гг.) / оказание ко
УО	ВСЕ	1515	1700	78.2	53.88	year:foreign	P=2025	rule:status_on_data_rows|signal:epFactDeviation|signal:epJustificationMissing	нет	Обслуживание систем видеонаблюдения
УО	ВСЕ	2154	2471	77.88	77.88	year:foreign	P=2025	signal:unmappedReasonEP	нет	предрейсовые и послерейсовые мед.осмотр
УО	ВСЕ	488	499	76.01	76.01	year:foreign	P=2025	-	ДА	Продукты питания
УО	ВСЕ	454	465	75.9	75.9	year:foreign	P=2025	-	ДА	ТО приборов УТЭ и УПР
УО	ВСЕ	763	803	75.9	75.9	year:foreign	P=2025	-	ДА	ТО приборов УТЭ и УПР
УО	ВСЕ	939	995	74.46	74.46	year:foreign	P=2025	-	ДА	услуги экстренного выезда полиции
УО	ВСЕ	941	997	73.62	73.62	year:foreign	P=2025	-	ДА	Услуги связи
УО	ВСЕ	943	999	73.04	73.04	year:foreign	P=2025	signal:unmappedReasonEP	нет	Холодное водоснабжение и водоотведение
УО	ВСЕ	856	909	72.66	72.66	year:foreign	P=2025	-	ДА	кальмар, морская капуста
УО	ВСЕ	942	998	71.61	71.61	year:foreign	P=2025	-	ДА	Обращение с твердыми коммунальными отходами
УО	ВСЕ	1034	1094	71.61	71.61	year:foreign	P=2025	-	ДА	ТБО
УО	ВСЕ	367	373	71.6	71.6	year:foreign	P=2025	-	ДА	Услуги связи
УО	ВСЕ	957	1015	71.37	71.37	year:foreign	P=2025	-	ДА	яйцо
УО	ВСЕ	88	86	70	70	year:foreign	P=2025	hygiene:G:invisible_char	нет	Услуги местной телефонной связи   - Услуги внутризоновой телефонной связи (Интерком сервис
УО	ВСЕ	899	954	66.8	66.8	year:foreign	P=2025	-	ДА	Обслуживание пожарной безопасности( Двери, АПС, Кнопка)
УО	ВСЕ	954	1012	66.73	66.73	year:foreign	P=2025	hygiene:G:invisible_char	нет	Сыр   полутвердый
УО	ВСЕ	452	463	66	66	year:foreign	P=2025	-	ДА	Оказание услуг по диспетчеризации и техническому обслуживанию приборов учета тепловой энер
УО	ВСЕ	761	801	66	66	year:foreign	P=2025	-	ДА	Оказание услуг по диспетчеризации и техническому обслуживанию приборов учета тепловой энер
УО	ВСЕ	483	494	65.47	65.47	year:foreign	P=2025	-	ДА	молочная продукция
УЭР	ВСЕ	67	1	65	63	year:foreign	P=2025	signal:factDateBeforePlan	нет	Оказание услуг по техническому обслуживанию и ремонту узлов учета тепловой энергии (УУТЭ)
УО	ВСЕ	652	679	65	65	year:foreign	P=2025	-	ДА	Продукты питания
УО	ВСЕ	476	487	64.8	64.8	year:foreign	P=2025	-	ДА	яйцо
УО	ВСЕ	991	1049	64.8	64.8	year:foreign	P=2025	-	ДА	Вода питьевая
УО	ВСЕ	485	496	63	63	year:foreign	P=2025	-	ДА	печень
УО	ВСЕ	443	454	60	60	year:foreign	P=2025	-	ДА	обеспечение функционирования и поддержки работоспособности сетей передачи данных
УО	ВСЕ	471	482	60	60	year:foreign	P=2025	-	ДА	услуг по обслуживанию и ремонту системы передачи тревожных сообщений
УО	ВСЕ	698	735	60	60	year:foreign	P=2025	-	ДА	обеспечение функционирования и поддержки работоспособности сетей передачи данных
УО	ВСЕ	743	781	60	60	year:foreign	P=2025	-	ДА	Мониторинг АПС
УО	ВСЕ	752	792	60	60	year:foreign	P=2025	-	ДА	обеспечение функционирования и поддержки работоспособности сетей передачи данных
УО	ВСЕ	977	1035	60	60	year:foreign	P=2025	-	ДА	Кнопка
УО	ВСЕ	444	455	57.6	57.6	year:foreign	P=2025	-	ДА	мониторинг ИТП
УО	ВСЕ	699	736	57.6	57.6	year:foreign	P=2025	-	ДА	мониторинг ИТП
УО	ВСЕ	753	793	57.6	57.6	year:foreign	P=2025	-	ДА	мониторинг ИТП
УО	ВСЕ	296	297	54.43	54.43	year:foreign	P=2025	-	ДА	консервы рыбные, кальмар
УО	ВСЕ	113	113	54	54	year:foreign	P=2025	-	ДА	ТО приборов учета тепловой энергии и узла погодного регулирования
УО	ВСЕ	409	418	54	54	year:foreign	P=2025	-	ДА	оказание услуг по обслуживанию приборов тепловой энергии и узла погодного регулирования
УО	ВСЕ	892	947	54	54	year:foreign	P=2025	-	ДА	Техническое обслуживание теплосчетчика, УПР
УО	ВСЕ	1872	2170	54	54	year:foreign	P=2025	-	ДА	Оказание услуг по диспетчеризации и техническому обслуживанию приборов учета тепловой энер
УФБП	УФБП	37	46	53.332	53.332	year:foreign	P=2025	-	ДА	Поставка цветов
УД	ВСЕ	142	159	52.8	52.8	year:foreign	P=2025	-	ДА	Сим-карты ЕГП на 12 мес. (с 01.01.2026 по 31.12.2026 гг.) / оказание услуг подвижной связи
УО	ВСЕ	630	657	50.3	50.3	year:foreign	P=2025	-	ДА	ТО тревожной кнопки
УО	ВСЕ	963	1021	50	50	year:foreign	P=2025	-	ДА	то приборов УТЭ и УПР
УО	ВСЕ	894	949	48.93	48.93	year:foreign	P=2025	-	ДА	Дезинфекция учреждения
УО	ВСЕ	732	770	48	48	year:foreign	P=2025	hygiene:G:edge_space|hygiene:G:invisible_char	нет	Мойка автомобиля 
УО	ВСЕ	655	682	47.5	47.5	year:foreign	P=2025	-	ДА	Продукты питания
УО	ВСЕ	729	767	46.86	46.86	year:foreign	P=2025	hygiene:G:invisible_char	нет	Оказание услуг по предрейсовому и послерейсовому  медицинскому освидетельствованию   водит
УД	ВСЕ	193	173/3	46.196	46.196	year:foreign	P=2025	-	ДА	предоставление услуг связи (СИМ-карты, сотовая связь)
УО	ВСЕ	410	419	45.56	45.56	year:foreign	P=2025	-	ДА	Система Гарант
УО	ВСЕ	985	1043	45.38	45.38	year:foreign	P=2025	-	ДА	Филе куриное, охлажденное
УО	ВСЕ	364	370	45	45	year:foreign	P=2025	-	ДА	Диспетчеризация и техническое обслуживание приборов учета тепловой энергии
УО	ВСЕ	940	996	45	45	year:foreign	P=2025	-	ДА	Диспетчеризация и техническое обслуживание приборов учета тепловой энергии
УО	ВСЕ	964	1022	45	45	year:foreign	P=2025	-	ДА	мониторинг состояния средств АПС
УО	ВСЕ	629	656	44.5	44.5	year:foreign	P=2025	-	ДА	Обслуживание УУТЭ
УФБП	УФБП	39	48	43.8	43.8	year:foreign	P=2025	-	ДА	Услуги по информационному абонентскому обслуживанию  1С бухгалтерия и 1С зарплата
УО	ВСЕ	612	639	43.2	43.2	year:foreign	P=2025	-	ДА	Оказание услуг по техническому обслуживанию систем обеспечения пожарной безопасности здани
УО	ВСЕ	379	385	42.8	42.8	year:foreign	P=2025	-	ДА	Техническое обслуживание систем пожарной автоматики
УО	ВСЕ	649	676	42.8	42.8	year:foreign	P=2025	-	ДА	Продукты питания
УО	ВСЕ	877	932	42.35	42.35	year:foreign	P=2025	-	ДА	Поставка "Филе куриное охлажденное"
УО	ВСЕ	484	495	41.3	41.3	year:foreign	P=2025	-	ДА	кальмар
УФБП	УФБП	38	47	40	40	year:foreign	P=2025	-	ДА	Заправка картриджей
УФБП	УФБП	32	41	38.63733	38.63733	year:foreign	P=2025	-	ДА	Энергоснабжение
УО	ВСЕ	1033	1093	38.08	38.08	year:foreign	P=2025	-	ДА	Сыр полутвердый
УО	ВСЕ	151	151	37.88	37.88	year:foreign	P=2025	-	ДА	Услуги связи
УО	ВСЕ	453	464	37.26	37.26	year:foreign	P=2025	-	ДА	обслуживание технических средств охраны (кнопка ТСО)
УО	ВСЕ	762	802	37.26	37.26	year:foreign	P=2025	-	ДА	обслуживание технических средств охраны (кнопка ТСО)
УО	ВСЕ	508	519	36.9	36.9	year:foreign	P=2025	-	ДА	Техническое обслуживание приборов учета тепловой энергии
УО	ВСЕ	87	85	36.04	36.04	year:foreign	P=2025	-	ДА	ТСО (техническое обслуживание средств охраны)
УО	ВСЕ	209	209	36	36	year:foreign	P=2025	-	ДА	Обслуживание систем видеонаблюдения
УО	ВСЕ	611	638	36	36	year:foreign	P=2025	-	ДА	Мониторинг состояния средств автоматической пожарной сигнализации и вывод сигналов "Пожар"
УО	ВСЕ	950	1006	36	36	year:foreign	P=2025	-	ДА	Техническое обслуживание апс
УО	ВСЕ	145	145	35	35	year:foreign	P=2025	-	ДА	Диспетчеризация и техническое обслуживание приборов учета тепловой энергии
УО	ВСЕ	146	146	35	35	year:foreign	P=2025	-	ДА	Предрейсовый и послерейсовый осмотр водителя
УКСиМП	ВСЕ	197	194	34.85	34.85	year:foreign	P=2025	-	ДА	возмездное оказание услуг (водоканал)
УД	ВСЕ	63	63	33.12	33.12	year:foreign	P=2025	hygiene:G:invisible_char	нет	услуги связи, виртуальный АТС / оказание услуг связи
УО	ВСЕ	450	461	32.2	32.2	year:foreign	P=2025	-	ДА	дератизация
УО	ВСЕ	759	799	32.2	32.2	year:foreign	P=2025	-	ДА	дератизация
УО	ВСЕ	951	1007	32.16	32.16	year:foreign	P=2025	-	ДА	техническое обслуживание средств охраны
УО	ВСЕ	959	1017	32.07	32.07	year:foreign	P=2025	-	ДА	филе куриное охлажденное
УО	ВСЕ	86	84	32	32	year:foreign	P=2025	-	ДА	Очистка кровли от снега
УО	ВСЕ	208	208	30.78	30.78	year:foreign	P=2025	-	ДА	Обслуживание технических средств охраны
УО	ВСЕ	451	462	30.78	30.78	year:foreign	P=2025	-	ДА	Обслуживание технических средств охраны
УО	ВСЕ	760	800	30.78	30.78	year:foreign	P=2025	-	ДА	Обслуживание технических средств охраны
УО	ВСЕ	361	367	30	30	year:foreign	P=2025	-	ДА	ТО систем обеспечения пожарной безопасности зданий и сооружений
УО	ВСЕ	505	516	30	30	year:foreign	P=2025	-	ДА	ТО сетей передачи данных ("Пожар")
УО	ВСЕ	607	634	30	30	year:foreign	P=2025	-	ДА	Овощи свежие
УО	ВСЕ	938	994	30	30	year:foreign	P=2025	-	ДА	ТО систем обеспечения пожарной безопасности зданий и сооружений
УО	ВСЕ	965	1023	30	30	year:foreign	P=2025	hygiene:G:edge_space|hygiene:G:invisible_char	нет	видеонаблюдение ТО 
УО	ВСЕ	614	641	29.62	29.62	year:foreign	P=2025	-	ДА	Интернет
УО	ВСЕ	1017	1076	29.27	29.27	year:foreign	P=2025	-	ДА	Сыр полутвердый
УО	ВСЕ	503	514	28.8	28.8	year:foreign	P=2025	-	ДА	ТО систем и средств СПС и СОУЭ
УО	ВСЕ	958	1016	28.8	28.8	year:foreign	P=2025	-	ДА	куры охлажденные
УАГЗО	ВСЕ	4	1	28	28	year:foreign	P=2025	rule:row_numbering|rule:text_hygiene	нет	Проведение кадастровых работ в отношении 2 земельных участков, расположенных в Камчатском 
УО	ВСЕ	893	948	26.8	26.8	year:foreign	P=2025	-	ДА	Обслуживание технических средств видеонаблюдения
УО	ВСЕ	810	859	26	26	year:foreign	P=2025	-	ДА	Услуги видеонаблюдения
УО	ВСЕ	930	986	25.41	25.41	year:foreign	P=2025	-	ДА	Куры-филе
УО	ВСЕ	142	142	25	25	year:foreign	P=2025	-	ДА	ТО систем обеспечения пожарной безопасности зданий и сооружений
УО	ВСЕ	143	143	24.82	24.82	year:foreign	P=2025	-	ДА	Наблюдение за средствами тревожной сигнализации на объекте с помощью пульта централизованн
УО	ВСЕ	1019	1078	24.59	24.59	year:foreign	P=2025	-	ДА	Яйцо
УО	ВСЕ	861	914	24.2	24.2	year:foreign	P=2025	-	ДА	филе куриное
УО	ВСЕ	978	1036	23.6	23.6	year:foreign	P=2025	-	ДА	ТО кнопка Пожар
УО	ВСЕ	114	114	20	20	year:foreign	P=2025	-	ДА	расчистка территории от снега
УО	ВСЕ	662	689	20	20	year:foreign	P=2025	-	ДА	Продукты питания
УО	ВСЕ	757	797	20	20	year:foreign	P=2025	-	ДА	расчистка территории от снега
УО	ВСЕ	1046	1106	19.62	19.62	year:foreign	P=2025	-	ДА	Томаты и огурцы свежие
УО	ВСЕ	1045	1105	19.4	19.4	year:foreign	P=2025	-	ДА	Яйцо
УО	ВСЕ	608	635	18.15	18.15	year:foreign	P=2025	-	ДА	Мясо птицы, филе охлажденное
УО	ВСЕ	901	956	17.15	17.15	year:foreign	P=2025	-	ДА	Ремонт шнека
УД	ВСЕ	77	77	16.4	16.4	year:foreign	P=2025	-	ДА	IPTV / оказание услуг связи на основе передачи данных ПАО "ростелеком"
УО	ВСЕ	839	892	16	16	year:foreign	P=2025	-	ДА	Осаго
УО	ВСЕ	204	204	15.6	15.6	year:foreign	P=2025	-	ДА	Техническое обслуживание СПС и СОУЭ
УО	ВСЕ	610	637	15.5	15.5	year:foreign	P=2025	-	ДА	Оказание услуг по диспетчеризации и техническому обслуживанию приборов учета тепловой энер
УФБП	УФБП	34	43	15.3828	15.3828	year:foreign	P=2025	-	ДА	Оказание услуг управляющей компании
УО	ВСЕ	1025	1084	15.16	15.16	year:foreign	P=2025	-	ДА	Томаты и огурцы свежие
УФБП	УФБП	36	45	15	15	year:foreign	P=2025	-	ДА	Оказание услуг связи (межгород)
УО	ВСЕ	507	518	13.5	13.5	year:foreign	P=2025	-	ДА	Техническое обслуживание узла погодного регулирования
УО	ВСЕ	522	533	12.35	12.35	year:foreign	P=2025	-	ДА	Поставка продуктов питания
УО	ВСЕ	377	383	12	12	year:foreign	P=2025	-	ДА	Техническое обслуживание противопожарных дверей
УО	ВСЕ	447	458	11.44	11.44	year:foreign	P=2025	-	ДА	обслуживание пожарных дверей
УО	ВСЕ	756	796	11.44	11.44	year:foreign	P=2025	-	ДА	обслуживание пожарных дверей
УО	ВСЕ	981	1039	11.32	11.32	year:foreign	P=2025	-	ДА	Фрукты свежие
УО	ВСЕ	840	893	10.58	10.58	year:foreign	P=2025	hygiene:G:edge_space|hygiene:G:invisible_char	нет	Бензин 
УЭР	ВСЕ	64	39	10.33	10.33	year:foreign	P=2025	-	ДА	Услуги связи, межгород (Ростелеком)
УО	ВСЕ	615	642	10.13	10.13	year:foreign	P=2025	-	ДА	Связь
УД	ВСЕ	161	181	9.5	9.5	year:foreign	P=2025	-	ДА	оказание услуг по помывке в бане отдельных категорий граждан
УО	ВСЕ	378	384	8.43	8.43	year:foreign	P=2025	-	ДА	техническое обслуживание средств охраны
УО	ВСЕ	658	685	7.2	7.2	year:foreign	P=2025	-	ДА	Продукты питания
УО	ВСЕ	144	144	7	7	year:foreign	P=2025	-	ДА	Диспетчеризация и техническое обслуживание приборов учета тепловой энергии
УО	ВСЕ	366	372	6.96	6.96	year:foreign	P=2025	-	ДА	Идентификация АСН в ГАИС «ЭРА-ГЛОНАСС» и обеспечение передачи в Ространснадзор информации
УО	ВСЕ	150	150	6.84	6.84	year:foreign	P=2025	-	ДА	Идентификация АСН в ГАИС «ЭРА-ГЛОНАСС» и обеспечение передачи в Ространснадзор информации
УО	ВСЕ	586	598	6.55	6.55	year:foreign	P=2025	-	ДА	использование системы "Кабинет Удостовер. Центра"
УО	ВСЕ	195	195	6.5	6.5	year:foreign	P=2025	-	ДА	Программа энергосбережения
УО	ВСЕ	205	205	6	6	year:foreign	P=2025	-	ДА	обслуживание пожарных дверей
УО	ВСЕ	976	1034	6	6	year:foreign	P=2025	-	ДА	ТО противопожарных дверей
УО	ВСЕ	206	206	5.25	5.25	year:foreign	P=2025	-	ДА	обслуживание и заправка огнетушителей
УО	ВСЕ	148	148	5.13	5.13	year:foreign	P=2025	-	ДА	Обслуживание технических средств охраны
УО	ВСЕ	882	937	5.1	5.1	year:foreign	P=2025	-	ДА	Поставка "Масло сливочное топленое"
УО	ВСЕ	141	141	5	5	year:foreign	P=2025	-	ДА	ТО систем обеспечения пожарной безопасности зданий и сооружений
УД	ВСЕ	133	150	4.179	4.179	year:foreign	P=2025	-	ДА	Телематические услуги связи (интернет) / оказание телематических услуг связи
УО	ВСЕ	362	368	3.64	3.64	year:foreign	P=2025	-	ДА	услуги экстренного выезда группы задержания автобус ПАЗ
УО	ВСЕ	442	453	3.6	3.6	year:foreign	P=2025	-	ДА	программное обеспечение
УО	ВСЕ	697	734	3.6	3.6	year:foreign	P=2025	-	ДА	программное обеспечение
УО	ВСЕ	751	791	3.6	3.6	year:foreign	P=2025	-	ДА	программное обеспечение
УФБП	УФБП	30	39	3	3	year:foreign	P=2025	-	ДА	Оказание услуг почтовой связи
УКСиМП	ВСЕ	183	180	2.68256	2.62056	year:foreign	P=2025	signal:epFactDeviation	нет	Установка и обслуживание системы ГАИС "ЭРА-ГЛОНАСС"
УО	ВСЕ	524	535	2.62	2.62	year:foreign	P=2025	-	ДА	Услуга связи Глонасс
УО	ВСЕ	504	515	2	2	year:foreign	P=2025	-	ДА	ТО противопожарных дверей
УО	ВСЕ	601	628	0.55	0.55	year:foreign	P=2025	-	ДА	Корнеплоды и клубнеплоды
